{
  "project_info": {
    "project_number": "254155096645",
    "project_id": "jaynakum-experiments",
    "storage_bucket": "jaynakum-experiments.appspot.com"
  },
  "client": [
    {
      "client_info": {
        "mobilesdk_app_id": "1:254155096645:android:5e81a1c56e899543ab992c",
        "android_client_info": {
          "package_name": "com.example.cpu_scheduling"
        }
      },
      "oauth_client": [
        {
          "client_id": "254155096645-k5daegala7furqgahjjgts1efgn28d4s.apps.googleusercontent.com",
          "client_type": 3
        }
      ],
      "api_key": [
        {
          "current_key": "AIzaSyBxoOjYz3u1uvtlBajUwFBa8GIFQaapI3s"
        }
      ],
      "services": {
        "appinvite_service": {
          "other_platform_oauth_client": [
            {
              "client_id": "254155096645-k5daegala7furqgahjjgts1efgn28d4s.apps.googleusercontent.com",
              "client_type": 3
            }
          ]
        }
      }
    }
  ],
  "configuration_version": "1"
}